Vecchio,Nuovo,ID,Titolo
di-anna-maria-tarantino-1.html,opere-poesie-menu/espressioni-cupe.html,160,Espressioni cupe
di-anna-maria-tarantino-2.html,opere-poesie-menu/emozione-rubata.html,159,Emozione rubata
di-anna-maria-tarantino-3.html,opere-poesie-menu/il-risveglio-dallipocrisia.html,158,Il risveglio dall'ipocrisia
di-anna-maria-tarantino-4.html,opere-poesie-menu/unombra-nella-corsa.html,157,Un’ombra nella corsa
di-anna-maria-tarantino-5.html,opere-poesie-menu/nota-perversa.html,156,Nota perversa
di-arturo-pistocchi-1.html,opere-lettere-menu/la-solitudine-di-angela.html,242,La solitudine di Angela
di-arturo-pistocchi-2.html,opere-lettere-menu/sentimenti.html,241,Sentimenti
di-chiara-g-schiavini-1.html,opere-poesie-menu/il-braille.html,154,Il braille
di-chiara-g-schiavini-2.html,opere-poesie-menu/a-jolanda-country.html,153,A Jolanda Country
di-franco-bazzarelli-1.html,opere-poesie-menu/innocenza.html,201,Innocenza
di-franco-bazzarelli-2.html,opere-poesie-menu/sui-risvegli-dellanima.html,200,Sui risvegli dell’anima
di-franco-bazzarelli-3.html,opere-poesie-menu/odio-quella-musica.html,199,Odio quella musica
di-franco-bazzarelli-4.html,opere-poesie-menu/io-ti-ritrovo.html,198,Io ti ritrovo
di-franco-bazzarelli-5.html,opere-poesie-menu/quando-busserai-alla-mia-porta.html,197,Quando busserai alla mia porta
di-franco-farina-1.html,opere-lettere-menu/la-storia-del-pianista.html,245,La storia del Pianista
di-franco-farina-2.html,opere-lettere-menu/la-farfalla-dalle-ali-dipinte.html,244,La Farfalla dalle ali dipinte
di-giuseppe-ambrosecchia-1.html,opere-poesie-menu/lelisir-della-vita.html,211,L’elisir della vita
di-giuseppe-ambrosecchia-2.html,opere-poesie-menu/gente-di-calabria.html,210,Gente di Calabria
di-giuseppe-ambrosecchia-3.html,opere-poesie-menu/uccelli-senzali.html,209,Uccelli senz’ali
di-giuseppe-ambrosecchia-4.html,opere-poesie-menu/identita-tradita.html,208,Identità tradita
di-giuseppe-ambrosecchia-5.html,opere-poesie-menu/piu-di-te-stesso.html,207,Più di te stesso
di-luigi-cardarelli-1.html,"opere-lettere-menu/yangon-1995,-sud-est-asiatico.html",236,"Yangon 1995, sud est asiatico"
di-luigi-cardarelli-2.html,opere-lettere-menu/penisola-indocinese-1993.html,235,Penisola indocinese 1993
di-luigi-cardarelli-3.html,"opere-lettere-menu/enero-2007,-ande-peruviane.html",234,"Enero 2007, Ande peruviane"
di-maria-teresa-azzoni-1.html,opere-lettere-menu/omaggio-a-giorgio-gaber.html,232,Omaggio a Giorgio Gaber
di-martino-ricupero-1.html,opere-poesie-menu/rimargina.html,135,Rimargina
di-massimo-vay-1.html,opere-lettere-menu/la-verita-sta-nel-mezzo-e-un-detto-mal-compreso.html,239,"La verità sta nel mezzo, è un detto mal compreso"
di-massimo-vay-2.html,opere-lettere-menu/la-ragione-dellesistenza.html,238,La ragione dell'esistenza
di-rocco-veltri-1.html,opere-lettere-menu/come-te-non-ce-nessuno.html,229,Come te non c’è nessuno
di-rocco-veltri-2.html,opere-lettere-menu/il-fazzoletto.html,228,Il fazzoletto
di-rocco-veltri-3.html,opere-lettere-menu/ci-sono-tante-nuvole-nel-firmamento.html,227,Ci sono tante nuvole nel firmamento
di-rocco-veltri-4.html,opere-lettere-menu/e-io-me-ne-andro.html,226,E io me ne andrò
di-rocco-veltri-5.html,opere-lettere-menu/la-mamma-sorgente-della-sua-vocazione.html,225,La mamma sorgente della sua vocazione
di-salvatore-esposito-1.html,opere-poesie-menu/fuori.html,191,Fuori
di-salvatore-esposito-2.html,opere-poesie-menu/labbra-dorate.html,190,Labbra dorate
di-salvatore-esposito-3.html,opere-poesie-menu/pennellate-di-vita.html,189,Pennellate di vita
di-salvatore-esposito-4.html,opere-poesie-menu/ansia.html,188,Ansia
di-salvatore-esposito-5.html,opere-poesie-menu/e-se-un-giorno.html,187,E se un giorno ...
di-salvatore-messina-1.html,opere-poesie-menu/quelle-comandate-dal-cielo.html,165,Quelle comandate dal cielo
di-salvatore-messina-2.html,opere-poesie-menu/silente-e-solitario.html,164,Silente e solitario
di-salvatore-messina-3.html,opere-poesie-menu/il-giorno-si-perpetua.html,163,Il giorno si perpetua
di-salvatore-messina-4.html,opere-poesie-menu/non-ce-armonia.html,162,Non c'è armonia
