"Stato";"Vecchio";"Nuovo";"ID";"Nota"
"PRONTO";"di-anna-maria-tarantino-1.html";"opere-poesie-menu/espressioni-cupe.html";"160";""
"PRONTO";"di-anna-maria-tarantino-2.html";"opere-poesie-menu/emozione-rubata.html";"159";""
"PRONTO";"di-anna-maria-tarantino-3.html";"opere-poesie-menu/il-risveglio-dallipocrisia.html";"158";""
"PRONTO";"di-anna-maria-tarantino-4.html";"opere-poesie-menu/unombra-nella-corsa.html";"157";""
"PRONTO";"di-anna-maria-tarantino-5.html";"opere-poesie-menu/nota-perversa.html";"156";""
"PRONTO";"di-arturo-pistocchi-1.html";"opere-lettere-menu/la-solitudine-di-angela.html";"242";""
"PRONTO";"di-arturo-pistocchi-2.html";"opere-lettere-menu/sentimenti.html";"241";""
"PRONTO";"di-chiara-g-schiavini-1.html";"opere-poesie-menu/il-braille.html";"154";""
"PRONTO";"di-chiara-g-schiavini-2.html";"opere-poesie-menu/a-jolanda-country.html";"153";""
"PRONTO";"di-franco-bazzarelli-1.html";"opere-poesie-menu/innocenza.html";"201";""
"PRONTO";"di-franco-bazzarelli-2.html";"opere-poesie-menu/sui-risvegli-dellanima.html";"200";""
"PRONTO";"di-franco-bazzarelli-3.html";"opere-poesie-menu/odio-quella-musica.html";"199";""
"PRONTO";"di-franco-bazzarelli-4.html";"opere-poesie-menu/io-ti-ritrovo.html";"198";""
"PRONTO";"di-franco-bazzarelli-5.html";"opere-poesie-menu/quando-busserai-alla-mia-porta.html";"197";""
"PRONTO";"di-franco-farina-1.html";"opere-lettere-menu/la-storia-del-pianista.html";"245";""
"PRONTO";"di-franco-farina-2.html";"opere-lettere-menu/la-farfalla-dalle-ali-dipinte.html";"244";""
"PRONTO";"di-giuseppe-ambrosecchia-1.html";"opere-poesie-menu/lelisir-della-vita.html";"211";""
"PRONTO";"di-giuseppe-ambrosecchia-2.html";"opere-poesie-menu/gente-di-calabria.html";"210";""
"PRONTO";"di-giuseppe-ambrosecchia-3.html";"opere-poesie-menu/uccelli-senzali.html";"209";""
"PRONTO";"di-giuseppe-ambrosecchia-4.html";"opere-poesie-menu/identita-tradita.html";"208";""
"PRONTO";"di-giuseppe-ambrosecchia-5.html";"opere-poesie-menu/piu-di-te-stesso.html";"207";""
"PRONTO";"di-luigi-cardarelli-1.html";"opere-lettere-menu/yangon-1995,-sud-est-asiatico.html";"236";""
"PRONTO";"di-luigi-cardarelli-2.html";"opere-lettere-menu/penisola-indocinese-1993.html";"235";""
"PRONTO";"di-luigi-cardarelli-3.html";"opere-lettere-menu/enero-2007,-ande-peruviane.html";"234";""
"PRONTO";"di-maria-teresa-azzoni-1.html";"opere-lettere-menu/omaggio-a-giorgio-gaber.html";"232";""
"PRONTO";"di-martino-ricupero-1.html";"opere-poesie-menu/rimargina.html";"135";""
"PRONTO";"di-massimo-vay-1.html";"opere-lettere-menu/la-verita-sta-nel-mezzo-e-un-detto-mal-compreso.html";"239";""
"PRONTO";"di-massimo-vay-2.html";"opere-lettere-menu/la-ragione-dellesistenza.html";"238";""
"PRONTO";"di-rocco-veltri-1.html";"opere-lettere-menu/come-te-non-ce-nessuno.html";"229";""
"PRONTO";"di-rocco-veltri-2.html";"opere-lettere-menu/il-fazzoletto.html";"228";""
"PRONTO";"di-rocco-veltri-3.html";"opere-lettere-menu/ci-sono-tante-nuvole-nel-firmamento.html";"227";""
"PRONTO";"di-rocco-veltri-4.html";"opere-lettere-menu/e-io-me-ne-andro.html";"226";""
"PRONTO";"di-rocco-veltri-5.html";"opere-lettere-menu/la-mamma-sorgente-della-sua-vocazione.html";"225";""
"PRONTO";"di-salvatore-esposito-1.html";"opere-poesie-menu/fuori.html";"191";""
"PRONTO";"di-salvatore-esposito-2.html";"opere-poesie-menu/labbra-dorate.html";"190";""
"PRONTO";"di-salvatore-esposito-3.html";"opere-poesie-menu/pennellate-di-vita.html";"189";""
"PRONTO";"di-salvatore-esposito-4.html";"opere-poesie-menu/ansia.html";"188";""
"PRONTO";"di-salvatore-esposito-5.html";"opere-poesie-menu/e-se-un-giorno.html";"187";""
"PRONTO";"di-salvatore-messina-1.html";"opere-poesie-menu/quelle-comandate-dal-cielo.html";"165";""
"PRONTO";"di-salvatore-messina-2.html";"opere-poesie-menu/silente-e-solitario.html";"164";""
"PRONTO";"di-salvatore-messina-3.html";"opere-poesie-menu/il-giorno-si-perpetua.html";"163";""
"PRONTO";"di-salvatore-messina-4.html";"opere-poesie-menu/non-ce-armonia.html";"162";""
