"Stato";"File";"ID";"Destinazione";"Nota"
"PRONTO";"index.php-1.html";"224";"https://beneinst.eu/opere-poesie-menu/la-festuca-nel-becco-della-gazza.html";""
"PRONTO";"index.php-10.html";"215";"https://beneinst.eu/opere-poesie-menu/madonna.html";""
"PRONTO";"index.php-100.html";"230";"https://beneinst.eu/opere-lettere-menu/giudicare-una-commedia.html";""
"PRONTO";"index.php-101.html";"229";"https://beneinst.eu/opere-lettere-menu/come-te-non-ce-nessuno.html";""
"PRONTO";"index.php-102.html";"228";"https://beneinst.eu/opere-lettere-menu/il-fazzoletto.html";""
"PRONTO";"index.php-103.html";"227";"https://beneinst.eu/opere-lettere-menu/ci-sono-tante-nuvole-nel-firmamento.html";""
"PRONTO";"index.php-104.html";"226";"https://beneinst.eu/opere-lettere-menu/e-io-me-ne-andro.html";""
"PRONTO";"index.php-105.html";"225";"https://beneinst.eu/opere-lettere-menu/la-mamma-sorgente-della-sua-vocazione.html";""
"PRONTO";"index.php-11.html";"214";"https://beneinst.eu/opere-poesie-menu/ricordo-valsinni.html";""
"PRONTO";"index.php-12.html";"213";"https://beneinst.eu/opere-poesie-menu/stella-del-mattino.html";""
"PRONTO";"index.php-13.html";"212";"https://beneinst.eu/opere-poesie-menu/vecchie-conoscenze.html";""
"PRONTO";"index.php-14.html";"211";"https://beneinst.eu/opere-poesie-menu/lelisir-della-vita.html";""
"PRONTO";"index.php-15.html";"210";"https://beneinst.eu/opere-poesie-menu/gente-di-calabria.html";""
"PRONTO";"index.php-16.html";"209";"https://beneinst.eu/opere-poesie-menu/uccelli-senzali.html";""
"PRONTO";"index.php-17.html";"208";"https://beneinst.eu/opere-poesie-menu/identita-tradita.html";""
"PRONTO";"index.php-18.html";"207";"https://beneinst.eu/opere-poesie-menu/piu-di-te-stesso.html";""
"PRONTO";"index.php-19.html";"206";"https://beneinst.eu/di-franco-bazzarelli.html";""
"PRONTO";"index.php-2.html";"223";"https://beneinst.eu/opere-poesie-menu/senilita.html";""
"PRONTO";"index.php-20.html";"205";"https://beneinst.eu/opere-poesie-menu/ritorna-a-brillare.html";""
"PRONTO";"index.php-21.html";"204";"https://beneinst.eu/opere-poesie-menu/la-visione-dei-tuoi-occhi.html";""
"PRONTO";"index.php-22.html";"203";"https://beneinst.eu/opere-poesie-menu/parlami-quando-e-sera.html";""
"PRONTO";"index.php-23.html";"202";"https://beneinst.eu/opere-poesie-menu/ritrovero-il-sole.html";""
"PRONTO";"index.php-24.html";"201";"https://beneinst.eu/opere-poesie-menu/innocenza.html";""
"PRONTO";"index.php-25.html";"200";"https://beneinst.eu/opere-poesie-menu/sui-risvegli-dellanima.html";""
"PRONTO";"index.php-26.html";"199";"https://beneinst.eu/opere-poesie-menu/odio-quella-musica.html";""
"PRONTO";"index.php-27.html";"198";"https://beneinst.eu/opere-poesie-menu/io-ti-ritrovo.html";""
"PRONTO";"index.php-28.html";"197";"https://beneinst.eu/opere-poesie-menu/quando-busserai-alla-mia-porta.html";""
"PRONTO";"index.php-29.html";"196";"https://beneinst.eu/di-salvatore-esposito.html";""
"PRONTO";"index.php-3.html";"222";"https://beneinst.eu/opere-poesie-menu/intimita.html";""
"PRONTO";"index.php-30.html";"195";"https://beneinst.eu/opere-poesie-menu/luce.html";""
"PRONTO";"index.php-31.html";"194";"https://beneinst.eu/opere-poesie-menu/tu-per-me.html";""
"PRONTO";"index.php-32.html";"193";"https://beneinst.eu/opere-poesie-menu/mille-emozioni.html";""
"PRONTO";"index.php-33.html";"192";"https://beneinst.eu/opere-poesie-menu/terra-jonia.html";""
"PRONTO";"index.php-34.html";"191";"https://beneinst.eu/opere-poesie-menu/fuori.html";""
"PRONTO";"index.php-35.html";"190";"https://beneinst.eu/opere-poesie-menu/labbra-dorate.html";""
"PRONTO";"index.php-36.html";"189";"https://beneinst.eu/opere-poesie-menu/pennellate-di-vita.html";""
"PRONTO";"index.php-37.html";"188";"https://beneinst.eu/opere-poesie-menu/ansia.html";""
"PRONTO";"index.php-38.html";"187";"https://beneinst.eu/opere-poesie-menu/e-se-un-giorno.html";""
"PRONTO";"index.php-39.html";"180";"https://beneinst.eu/opere-poesie-menu/per-quattro-soldi.html";""
"PRONTO";"index.php-4.html";"221";"https://beneinst.eu/opere-poesie-menu/linfermo.html";""
"PRONTO";"index.php-40.html";"179";"https://beneinst.eu/opere-poesie-menu/esterno.html";""
"PRONTO";"index.php-41.html";"178";"https://beneinst.eu/opere-poesie-menu/la-valle-delle-mele.html";""
"PRONTO";"index.php-42.html";"177";"https://beneinst.eu/opere-poesie-menu/dei-figli-miei-dei-figli-vostri.html";""
"PRONTO";"index.php-43.html";"176";"https://beneinst.eu/opere-poesie-menu/volo.html";""
"PRONTO";"index.php-44.html";"175";"https://beneinst.eu/opere-poesie-menu/mio-figlio.html";""
"PRONTO";"index.php-45.html";"174";"https://beneinst.eu/opere-poesie-menu/lalba.html";""
"PRONTO";"index.php-46.html";"173";"https://beneinst.eu/opere-poesie-menu/tu-che-non-sai.html";""
"PRONTO";"index.php-47.html";"172";"https://beneinst.eu/opere-poesie-menu/dovio-mappiglio.html";""
"PRONTO";"index.php-48.html";"171";"https://beneinst.eu/opere-poesie-menu/zeroquarantotto.html";""
"PRONTO";"index.php-49.html";"170";"https://beneinst.eu/opere-poesie-menu/lasciami-il-tuo-sorriso.html";""
"PRONTO";"index.php-5.html";"220";"https://beneinst.eu/opere-poesie-menu/io-ti-ho-cercato.html";""
"PRONTO";"index.php-50.html";"169";"https://beneinst.eu/opere-poesie-menu/diversamente-abile.html";""
"PRONTO";"index.php-51.html";"168";"https://beneinst.eu/opere-poesie-menu/baci-ed-orgasmi.html";""
"PRONTO";"index.php-52.html";"167";"https://beneinst.eu/opere-poesie-menu/come-un-bambino.html";""
"PRONTO";"index.php-53.html";"166";"https://beneinst.eu/di-salvatore-messina.html";""
"PRONTO";"index.php-54.html";"165";"https://beneinst.eu/opere-poesie-menu/quelle-comandate-dal-cielo.html";""
"PRONTO";"index.php-55.html";"164";"https://beneinst.eu/opere-poesie-menu/silente-e-solitario.html";""
"PRONTO";"index.php-56.html";"163";"https://beneinst.eu/opere-poesie-menu/il-giorno-si-perpetua.html";""
"PRONTO";"index.php-57.html";"162";"https://beneinst.eu/opere-poesie-menu/non-ce-armonia.html";""
"PRONTO";"index.php-58.html";"186";"https://beneinst.eu/poesie-arturo-pistocchi.html";""
"PRONTO";"index.php-59.html";"185";"https://beneinst.eu/opere-poesie-menu/la-tua-ombra.html";""
"PRONTO";"index.php-6.html";"219";"https://beneinst.eu/di-giuseppe-ambrosecchia.html";""
"PRONTO";"index.php-60.html";"184";"https://beneinst.eu/opere-poesie-menu/il-nonno.html";""
"PRONTO";"index.php-61.html";"183";"https://beneinst.eu/opere-poesie-menu/nostalgia.html";""
"PRONTO";"index.php-62.html";"182";"https://beneinst.eu/opere-poesie-menu/trudy.html";""
"PRONTO";"index.php-63.html";"181";"https://beneinst.eu/opere-poesie-menu/le-lucciole.html";""
"PRONTO";"index.php-64.html";"136";"https://beneinst.eu/di-martino-ricupero.html";""
"PRONTO";"index.php-65.html";"135";"https://beneinst.eu/opere-poesie-menu/rimargina.html";""
"PRONTO";"index.php-66.html";"155";"https://beneinst.eu/di-chiara-g-schiavini.html";""
"PRONTO";"index.php-67.html";"154";"https://beneinst.eu/opere-poesie-menu/il-braille.html";""
"PRONTO";"index.php-68.html";"153";"https://beneinst.eu/opere-poesie-menu/a-jolanda-country.html";""
"PRONTO";"index.php-69.html";"161";"https://beneinst.eu/di-anna-maria-tarantino.html";""
"PRONTO";"index.php-7.html";"218";"https://beneinst.eu/opere-poesie-menu/monito.html";""
"PRONTO";"index.php-70.html";"160";"https://beneinst.eu/opere-poesie-menu/espressioni-cupe.html";""
"PRONTO";"index.php-71.html";"159";"https://beneinst.eu/opere-poesie-menu/emozione-rubata.html";""
"PRONTO";"index.php-72.html";"158";"https://beneinst.eu/opere-poesie-menu/il-risveglio-dallipocrisia.html";""
"PRONTO";"index.php-73.html";"157";"https://beneinst.eu/opere-poesie-menu/unombra-nella-corsa.html";""
"PRONTO";"index.php-74.html";"156";"https://beneinst.eu/opere-poesie-menu/nota-perversa.html";""
"PRONTO";"index.php-75.html";"149";"https://beneinst.eu/opere-poesie-menu/io-credo-nellamore.html";""
"PRONTO";"index.php-76.html";"148";"https://beneinst.eu/opere-poesie-menu/lamore-trionfa-ancora.html";""
"PRONTO";"index.php-77.html";"147";"https://beneinst.eu/opere-poesie-menu/quello-che-sento-nel-mio-cuore.html";""
"PRONTO";"index.php-78.html";"146";"https://beneinst.eu/opere-poesie-menu/lasciu-la-terra-mia.html";""
"PRONTO";"index.php-79.html";"145";"https://beneinst.eu/opere-poesie-menu/the-poem-of-adriana.html";""
"PRONTO";"index.php-8.html";"217";"https://beneinst.eu/opere-poesie-menu/un-viaggio-nel-tramonto.html";""
"PRONTO";"index.php-80.html";"144";"https://beneinst.eu/opere-poesie-menu/le-mamme-sono-il-fulcro-della-famiglia.html";""
"PRONTO";"index.php-81.html";"143";"https://beneinst.eu/opere-poesie-menu/easter-2019.html";""
"PRONTO";"index.php-82.html";"142";"https://beneinst.eu/poesie-di-rocco-veltri.html";""
"PRONTO";"index.php-83.html";"141";"https://beneinst.eu/opere-poesie-menu/nessuno-si-salva-se-non-sa-perdonar.html";""
"PRONTO";"index.php-84.html";"140";"https://beneinst.eu/opere-poesie-menu/limportanza-degli-accessori.html";""
"PRONTO";"index.php-85.html";"139";"https://beneinst.eu/opere-poesie-menu/nulla-di-tutto-cio-che-hai-ti-appartiene.html";""
"PRONTO";"index.php-86.html";"138";"https://beneinst.eu/opere-poesie-menu/vorrei-vivere-felicemente.html";""
"PRONTO";"index.php-87.html";"137";"https://beneinst.eu/opere-poesie-menu/purtroppo-ero-solo.html";""
"PRONTO";"index.php-88.html";"233";"https://beneinst.eu/di-maria-teresa-azzoni.html";""
"PRONTO";"index.php-89.html";"232";"https://beneinst.eu/opere-lettere-menu/omaggio-a-giorgio-gaber.html";""
"PRONTO";"index.php-9.html";"216";"https://beneinst.eu/opere-poesie-menu/voli-di-rondinella.html";""
"PRONTO";"index.php-90.html";"246";"https://beneinst.eu/di-franco-farina.html";""
"PRONTO";"index.php-91.html";"245";"https://beneinst.eu/opere-lettere-menu/la-storia-del-pianista.html";""
"PRONTO";"index.php-92.html";"244";"https://beneinst.eu/opere-lettere-menu/la-farfalla-dalle-ali-dipinte.html";""
"PRONTO";"index.php-93.html";"243";"https://beneinst.eu/di-arturo-pistocchi.html";""
"PRONTO";"index.php-94.html";"242";"https://beneinst.eu/opere-lettere-menu/la-solitudine-di-angela.html";""
"PRONTO";"index.php-95.html";"241";"https://beneinst.eu/opere-lettere-menu/sentimenti.html";""
"PRONTO";"index.php-96.html";"240";"https://beneinst.eu/di-massimo-vay.html";""
"PRONTO";"index.php-97.html";"239";"https://beneinst.eu/opere-lettere-menu/la-verita-sta-nel-mezzo-e-un-detto-mal-compreso.html";""
"PRONTO";"index.php-98.html";"238";"https://beneinst.eu/opere-lettere-menu/la-ragione-dellesistenza.html";""
"PRONTO";"index.php-99.html";"231";"https://beneinst.eu/di-rocco-veltri.html";""
