ID Joomla;Titolo opera;URL tecnici trovati negli indici;URL definitivo proposto;Nota
135;Rimargina;"../index.php-65.html?option=com_content&view=article&id=135:rimargina&catid=32; index.php-65.html?option=com_content&view=article&id=135:rimargina&catid=32";https://beneinst.eu/opere-poesie-menu/rimargina.html;
136;Modernità;"../index.php-64.html?option=com_content&view=article&id=136:modernita&catid=32; index.php-64.html?option=com_content&view=article&id=136:modernita&catid=32";https://beneinst.eu/di-martino-ricupero.html;
137;Purtroppo ero solo;"../index.php-87.html?option=com_content&view=article&id=137:purtroppo-ero-solo&catid=33; index.php-87.html?option=com_content&view=article&id=137:purtroppo-ero-solo&catid=33";https://beneinst.eu/opere-poesie-menu/purtroppo-ero-solo.html;
138;Vorrei vivere felicemente;"../index.php-86.html?option=com_content&view=article&id=138:vorrei-vivere-felicemente&catid=33; index.php-86.html?option=com_content&view=article&id=138:vorrei-vivere-felicemente&catid=33";https://beneinst.eu/opere-poesie-menu/vorrei-vivere-felicemente.html;
139;Nulla di tutto ciò che hai ti appartiene;"../index.php-85.html?option=com_content&view=article&id=139:nulla-di-tutto-cio-che-hai-ti-appartiene&catid=33; index.php-85.html?option=com_content&view=article&id=139:nulla-di-tutto-cio-che-hai-ti-appartiene&catid=33";https://beneinst.eu/opere-poesie-menu/nulla-di-tutto-cio-che-hai-ti-appartiene.html;
140;L’importanza degli accessori;"../index.php-84.html?option=com_content&view=article&id=140:limportanza-degli-accessori&catid=33; index.php-84.html?option=com_content&view=article&id=140:limportanza-degli-accessori&catid=33";https://beneinst.eu/opere-poesie-menu/limportanza-degli-accessori.html;
141;Nessuno si salva se non sa perdonar;"../index.php-83.html?option=com_content&view=article&id=141:nessuno-si-salva-se-non-sa-perdonar&catid=33; index.php-83.html?option=com_content&view=article&id=141:nessuno-si-salva-se-non-sa-perdonar&catid=33";https://beneinst.eu/opere-poesie-menu/nessuno-si-salva-se-non-sa-perdonar.html;
142;Poesia dedicata ad Amantea;"../index.php-82.html?option=com_content&view=article&id=142:poesia-dedicata-ad-amantea&catid=33; index.php-82.html?option=com_content&view=article&id=142:poesia-dedicata-ad-amantea&catid=33";https://beneinst.eu/poesie-di-rocco-veltri.html;
143;Easter 2019;"../index.php-81.html?option=com_content&view=article&id=143:easter-2019&catid=33; index.php-81.html?option=com_content&view=article&id=143:easter-2019&catid=33";https://beneinst.eu/opere-poesie-menu/easter-2019.html;
144;Le mamme sono il fulcro della famiglia;"../index.php-80.html?option=com_content&view=article&id=144:le-mamme-sono-il-fulcro-della-famiglia&catid=33; index.php-80.html?option=com_content&view=article&id=144:le-mamme-sono-il-fulcro-della-famiglia&catid=33";https://beneinst.eu/opere-poesie-menu/le-mamme-sono-il-fulcro-della-famiglia.html;
145;The Poem of Adriana;"../index.php-79.html?option=com_content&view=article&id=145:the-poem-of-adriana&catid=33; index.php-79.html?option=com_content&view=article&id=145:the-poem-of-adriana&catid=33";https://beneinst.eu/opere-poesie-menu/the-poem-of-adriana.html;
146;Lasciu la terra mia;"../index.php-78.html?option=com_content&view=article&id=146:lasciu-la-terra-mia&catid=33; index.php-78.html?option=com_content&view=article&id=146:lasciu-la-terra-mia&catid=33";https://beneinst.eu/opere-poesie-menu/lasciu-la-terra-mia.html;
147;Quello che sento nel mio cuore;"../index.php-77.html?option=com_content&view=article&id=147:quello-che-sento-nel-mio-cuore&catid=33; index.php-77.html?option=com_content&view=article&id=147:quello-che-sento-nel-mio-cuore&catid=33";https://beneinst.eu/opere-poesie-menu/quello-che-sento-nel-mio-cuore.html;
148;L'amore trionfa ancora;"../index.php-76.html?option=com_content&view=article&id=148:lamore-trionfa-ancora&catid=33; index.php-76.html?option=com_content&view=article&id=148:lamore-trionfa-ancora&catid=33";https://beneinst.eu/opere-poesie-menu/lamore-trionfa-ancora.html;
149;Io credo nell'amore;"../index.php-75.html?option=com_content&view=article&id=149:io-credo-nellamore&catid=33; index.php-75.html?option=com_content&view=article&id=149:io-credo-nellamore&catid=33";https://beneinst.eu/opere-poesie-menu/io-credo-nellamore.html;
153;A Jolanda Country;"../index.php-68.html?option=com_content&view=article&id=153:a-jolanda-country&catid=35; index.php-68.html?option=com_content&view=article&id=153:a-jolanda-country&catid=35";https://beneinst.eu/opere-poesie-menu/a-jolanda-country.html;
154;Il braille;"../index.php-67.html?option=com_content&view=article&id=154:il-braille&catid=35; index.php-67.html?option=com_content&view=article&id=154:il-braille&catid=35";https://beneinst.eu/opere-poesie-menu/il-braille.html;
155;Un uomo e la sua fisarmonica;"../index.php-66.html?option=com_content&view=article&id=155:un-uomo-e-la-sua-fisarmonica&catid=35; index.php-66.html?option=com_content&view=article&id=155:un-uomo-e-la-sua-fisarmonica&catid=35";https://beneinst.eu/di-chiara-g-schiavini.html;
156;Nota perversa;"../index.php-74.html?option=com_content&view=article&id=156:nota-perversa&catid=36; index.php-74.html?option=com_content&view=article&id=156:nota-perversa&catid=36";https://beneinst.eu/opere-poesie-menu/nota-perversa.html;
157;Un’ombra nella corsa;"../index.php-73.html?option=com_content&view=article&id=157:unombra-nella-corsa&catid=36; index.php-73.html?option=com_content&view=article&id=157:unombra-nella-corsa&catid=36";https://beneinst.eu/opere-poesie-menu/unombra-nella-corsa.html;
158;Il risveglio dall'ipocrisia;"../index.php-72.html?option=com_content&view=article&id=158:il-risveglio-dallipocrisia&catid=36; index.php-72.html?option=com_content&view=article&id=158:il-risveglio-dallipocrisia&catid=36";https://beneinst.eu/opere-poesie-menu/il-risveglio-dallipocrisia.html;
159;Emozione rubata;"../index.php-71.html?option=com_content&view=article&id=159:emozione-rubata&catid=36; index.php-71.html?option=com_content&view=article&id=159:emozione-rubata&catid=36";https://beneinst.eu/opere-poesie-menu/emozione-rubata.html;
160;Espressioni cupe;"../index.php-70.html?option=com_content&view=article&id=160:espressioni-cupe&catid=36; index.php-70.html?option=com_content&view=article&id=160:espressioni-cupe&catid=36";https://beneinst.eu/opere-poesie-menu/espressioni-cupe.html;
161;Amore mio;"../index.php-69.html?option=com_content&view=article&id=161:amore-mio&catid=36; index.php-69.html?option=com_content&view=article&id=161:amore-mio&catid=36";https://beneinst.eu/di-anna-maria-tarantino.html;
162;Non c'è armonia;"../index.php-57.html?option=com_content&view=article&id=162:non-ce-armonia&catid=37; index.php-57.html?option=com_content&view=article&id=162:non-ce-armonia&catid=37";https://beneinst.eu/opere-poesie-menu/non-ce-armonia.html;
163;Il giorno si perpetua;"../index.php-56.html?option=com_content&view=article&id=163:il-giorno-si-perpetua&catid=37; index.php-56.html?option=com_content&view=article&id=163:il-giorno-si-perpetua&catid=37";https://beneinst.eu/opere-poesie-menu/il-giorno-si-perpetua.html;
164;Silente e solitario;"../index.php-55.html?option=com_content&view=article&id=164:silente-e-solitario&catid=37; index.php-55.html?option=com_content&view=article&id=164:silente-e-solitario&catid=37";https://beneinst.eu/opere-poesie-menu/silente-e-solitario.html;
165;Quelle comandate dal cielo;"../index.php-54.html?option=com_content&view=article&id=165:quelle-comandate-dal-cielo&catid=37; index.php-54.html?option=com_content&view=article&id=165:quelle-comandate-dal-cielo&catid=37";https://beneinst.eu/opere-poesie-menu/quelle-comandate-dal-cielo.html;
166;Di cedri e mandorle;"../index.php-53.html?option=com_content&view=article&id=166:di-cedri-e-mandorle&catid=37; index.php-53.html?option=com_content&view=article&id=166:di-cedri-e-mandorle&catid=37";https://beneinst.eu/di-salvatore-messina.html;
167;Come un bambino;"../index.php-52.html?option=com_content&view=article&id=167:come-un-bambino&catid=37; index.php-52.html?option=com_content&view=article&id=167:come-un-bambino&catid=37";https://beneinst.eu/opere-poesie-menu/come-un-bambino.html;
168;Baci ed orgasmi;"../index.php-51.html?option=com_content&view=article&id=168:baci-ed-orgasmi&catid=37; index.php-51.html?option=com_content&view=article&id=168:baci-ed-orgasmi&catid=37";https://beneinst.eu/opere-poesie-menu/baci-ed-orgasmi.html;
169;Diversamente abile;"../index.php-50.html?option=com_content&view=article&id=169:diversamente-abile&catid=37; index.php-50.html?option=com_content&view=article&id=169:diversamente-abile&catid=37";https://beneinst.eu/opere-poesie-menu/diversamente-abile.html;
170;Lasciami il tuo sorriso;"../index.php-49.html?option=com_content&view=article&id=170:lasciami-il-tuo-sorriso&catid=37; index.php-49.html?option=com_content&view=article&id=170:lasciami-il-tuo-sorriso&catid=37";https://beneinst.eu/opere-poesie-menu/lasciami-il-tuo-sorriso.html;
171;Zeroquarantotto;"../index.php-48.html?option=com_content&view=article&id=171:zeroquarantotto&catid=37; index.php-48.html?option=com_content&view=article&id=171:zeroquarantotto&catid=37";https://beneinst.eu/opere-poesie-menu/zeroquarantotto.html;
172;Dov'io m'appiglio;"../index.php-47.html?option=com_content&view=article&id=172:dovio-mappiglio&catid=37; index.php-47.html?option=com_content&view=article&id=172:dovio-mappiglio&catid=37";https://beneinst.eu/opere-poesie-menu/dovio-mappiglio.html;
173;Tu che non sai;"../index.php-46.html?option=com_content&view=article&id=173:tu-che-non-sai&catid=37; index.php-46.html?option=com_content&view=article&id=173:tu-che-non-sai&catid=37";https://beneinst.eu/opere-poesie-menu/tu-che-non-sai.html;
174;L'alba;"../index.php-45.html?option=com_content&view=article&id=174:lalba&catid=37; index.php-45.html?option=com_content&view=article&id=174:lalba&catid=37";https://beneinst.eu/opere-poesie-menu/lalba.html;
175;Mio figlio;"../index.php-44.html?option=com_content&view=article&id=175:mio-figlio&catid=37; index.php-44.html?option=com_content&view=article&id=175:mio-figlio&catid=37";https://beneinst.eu/opere-poesie-menu/mio-figlio.html;
176;Volo;"../index.php-43.html?option=com_content&view=article&id=176:volo&catid=37; index.php-43.html?option=com_content&view=article&id=176:volo&catid=37";https://beneinst.eu/opere-poesie-menu/volo.html;
177;Dei figli miei dei figli vostri;"../index.php-42.html?option=com_content&view=article&id=177:dei-figli-miei-dei-figli-vostri&catid=37; index.php-42.html?option=com_content&view=article&id=177:dei-figli-miei-dei-figli-vostri&catid=37";https://beneinst.eu/opere-poesie-menu/dei-figli-miei-dei-figli-vostri.html;
178;La valle delle mele;"../index.php-41.html?option=com_content&view=article&id=178:la-valle-delle-mele&catid=37; index.php-41.html?option=com_content&view=article&id=178:la-valle-delle-mele&catid=37";https://beneinst.eu/opere-poesie-menu/la-valle-delle-mele.html;
179;Esterno;"../index.php-40.html?option=com_content&view=article&id=179:esterno&catid=37; index.php-40.html?option=com_content&view=article&id=179:esterno&catid=37";https://beneinst.eu/opere-poesie-menu/esterno.html;
180;Per quattro soldi;"../index.php-39.html?option=com_content&view=article&id=180:per-quattro-soldi&catid=37; index.php-39.html?option=com_content&view=article&id=180:per-quattro-soldi&catid=37";https://beneinst.eu/opere-poesie-menu/per-quattro-soldi.html;
181;Le lucciole;"../index.php-63.html?option=com_content&view=article&id=181:le-lucciole&catid=38; index.php-63.html?option=com_content&view=article&id=181:le-lucciole&catid=38";https://beneinst.eu/opere-poesie-menu/le-lucciole.html;
182;Trudy;"../index.php-62.html?option=com_content&view=article&id=182:trudy&catid=38; index.php-62.html?option=com_content&view=article&id=182:trudy&catid=38";https://beneinst.eu/opere-poesie-menu/trudy.html;
183;Nostalgia;"../index.php-61.html?option=com_content&view=article&id=183:nostalgia&catid=38; index.php-61.html?option=com_content&view=article&id=183:nostalgia&catid=38";https://beneinst.eu/opere-poesie-menu/nostalgia.html;
184;Il nonno;"../index.php-60.html?option=com_content&view=article&id=184:il-nonno&catid=38; index.php-60.html?option=com_content&view=article&id=184:il-nonno&catid=38";https://beneinst.eu/opere-poesie-menu/il-nonno.html;
185;La tua ombra;"../index.php-59.html?option=com_content&view=article&id=185:la-tua-ombra&catid=38; index.php-59.html?option=com_content&view=article&id=185:la-tua-ombra&catid=38";https://beneinst.eu/opere-poesie-menu/la-tua-ombra.html;
186;L'onda;"../index.php-58.html?option=com_content&view=article&id=186:londa&catid=38; index.php-58.html?option=com_content&view=article&id=186:londa&catid=38";https://beneinst.eu/poesie-arturo-pistocchi.html;
187;E se un giorno ...;"../index.php-38.html?option=com_content&view=article&id=187:e-se-un-giorno&catid=39; index.php-38.html?option=com_content&view=article&id=187:e-se-un-giorno&catid=39";https://beneinst.eu/opere-poesie-menu/e-se-un-giorno.html;
188;Ansia;"../index.php-37.html?option=com_content&view=article&id=188:ansia&catid=39; index.php-37.html?option=com_content&view=article&id=188:ansia&catid=39";https://beneinst.eu/opere-poesie-menu/ansia.html;
189;Pennellate di vita;"../index.php-36.html?option=com_content&view=article&id=189:pennellate-di-vita&catid=39; index.php-36.html?option=com_content&view=article&id=189:pennellate-di-vita&catid=39";https://beneinst.eu/opere-poesie-menu/pennellate-di-vita.html;
190;Labbra dorate;"../index.php-35.html?option=com_content&view=article&id=190:labbra-dorate&catid=39; index.php-35.html?option=com_content&view=article&id=190:labbra-dorate&catid=39";https://beneinst.eu/opere-poesie-menu/labbra-dorate.html;
191;Fuori;"../index.php-34.html?option=com_content&view=article&id=191:fuori&catid=39; index.php-34.html?option=com_content&view=article&id=191:fuori&catid=39";https://beneinst.eu/opere-poesie-menu/fuori.html;
192;Terra Jonia ...;"../index.php-33.html?option=com_content&view=article&id=192:terra-jonia&catid=39; index.php-33.html?option=com_content&view=article&id=192:terra-jonia&catid=39";https://beneinst.eu/opere-poesie-menu/terra-jonia.html;
193;Mille emozioni;"../index.php-32.html?option=com_content&view=article&id=193:mille-emozioni&catid=39; index.php-32.html?option=com_content&view=article&id=193:mille-emozioni&catid=39";https://beneinst.eu/opere-poesie-menu/mille-emozioni.html;
194;Tu per me;"../index.php-31.html?option=com_content&view=article&id=194:tu-per-me&catid=39; index.php-31.html?option=com_content&view=article&id=194:tu-per-me&catid=39";https://beneinst.eu/opere-poesie-menu/tu-per-me.html;
195;Luce;"../index.php-30.html?option=com_content&view=article&id=195:luce&catid=39; index.php-30.html?option=com_content&view=article&id=195:luce&catid=39";https://beneinst.eu/opere-poesie-menu/luce.html;
196;Le occasioni;"../index.php-29.html?option=com_content&view=article&id=196:le-occasioni&catid=39; index.php-29.html?option=com_content&view=article&id=196:le-occasioni&catid=39";https://beneinst.eu/di-salvatore-esposito.html;
197;Quando busserai alla mia porta;"../index.php-28.html?option=com_content&view=article&id=197:quando-busserai-alla-mia-porta&catid=51; index.php-28.html?option=com_content&view=article&id=197:quando-busserai-alla-mia-porta&catid=51";https://beneinst.eu/opere-poesie-menu/quando-busserai-alla-mia-porta.html;
198;Io ti ritrovo;"../index.php-27.html?option=com_content&view=article&id=198:io-ti-ritrovo&catid=51; index.php-27.html?option=com_content&view=article&id=198:io-ti-ritrovo&catid=51";https://beneinst.eu/opere-poesie-menu/io-ti-ritrovo.html;
199;Odio quella musica;"../index.php-26.html?option=com_content&view=article&id=199:odio-quella-musica&catid=51; index.php-26.html?option=com_content&view=article&id=199:odio-quella-musica&catid=51";https://beneinst.eu/opere-poesie-menu/odio-quella-musica.html;
200;Sui risvegli dell’anima;"../index.php-25.html?option=com_content&view=article&id=200:sui-risvegli-dellanima&catid=51; index.php-25.html?option=com_content&view=article&id=200:sui-risvegli-dellanima&catid=51";https://beneinst.eu/opere-poesie-menu/sui-risvegli-dellanima.html;
201;Innocenza;"../index.php-24.html?option=com_content&view=article&id=201:innocenza&catid=51; index.php-24.html?option=com_content&view=article&id=201:innocenza&catid=51";https://beneinst.eu/opere-poesie-menu/innocenza.html;
202;Ritroverò il Sole;"../index.php-23.html?option=com_content&view=article&id=202:ritrovero-il-sole&catid=51; index.php-23.html?option=com_content&view=article&id=202:ritrovero-il-sole&catid=51";https://beneinst.eu/opere-poesie-menu/ritrovero-il-sole.html;
203;Parlami quando è sera;"../index.php-22.html?option=com_content&view=article&id=203:parlami-quando-e-sera&catid=51; index.php-22.html?option=com_content&view=article&id=203:parlami-quando-e-sera&catid=51";https://beneinst.eu/opere-poesie-menu/parlami-quando-e-sera.html;
204;La visione dei tuoi occhi;"../index.php-21.html?option=com_content&view=article&id=204:la-visione-dei-tuoi-occhi&catid=51; index.php-21.html?option=com_content&view=article&id=204:la-visione-dei-tuoi-occhi&catid=51";https://beneinst.eu/opere-poesie-menu/la-visione-dei-tuoi-occhi.html;
205;Ritorna a brillare;"../index.php-20.html?option=com_content&view=article&id=205:ritorna-a-brillare&catid=51; index.php-20.html?option=com_content&view=article&id=205:ritorna-a-brillare&catid=51";https://beneinst.eu/opere-poesie-menu/ritorna-a-brillare.html;
206;È tempo di cogliere un bacio;"../index.php-19.html?option=com_content&view=article&id=206:e-tempo-di-cogliere-un-bacio&catid=51; index.php-19.html?option=com_content&view=article&id=206:e-tempo-di-cogliere-un-bacio&catid=51";https://beneinst.eu/di-franco-bazzarelli.html;
207;Più di te stesso;"../index.php-18.html?option=com_content&view=article&id=207:piu-di-te-stesso&catid=41; index.php-18.html?option=com_content&view=article&id=207:piu-di-te-stesso&catid=41";https://beneinst.eu/opere-poesie-menu/piu-di-te-stesso.html;
208;Identità tradita;"../index.php-17.html?option=com_content&view=article&id=208:identita-tradita&catid=41; index.php-17.html?option=com_content&view=article&id=208:identita-tradita&catid=41";https://beneinst.eu/opere-poesie-menu/identita-tradita.html;
209;Uccelli senz’ali;"../index.php-16.html?option=com_content&view=article&id=209:uccelli-senzali&catid=41; index.php-16.html?option=com_content&view=article&id=209:uccelli-senzali&catid=41";https://beneinst.eu/opere-poesie-menu/uccelli-senzali.html;
210;Gente di Calabria;"../index.php-15.html?option=com_content&view=article&id=210:gente-di-calabria&catid=41; index.php-15.html?option=com_content&view=article&id=210:gente-di-calabria&catid=41";https://beneinst.eu/opere-poesie-menu/gente-di-calabria.html;
211;L’elisir della vita;"../index.php-14.html?option=com_content&view=article&id=211:lelisir-della-vita&catid=41; index.php-14.html?option=com_content&view=article&id=211:lelisir-della-vita&catid=41";https://beneinst.eu/opere-poesie-menu/lelisir-della-vita.html;
212;Vecchie conoscenze;"../index.php-13.html?option=com_content&view=article&id=212:vecchie-conoscenze&catid=41; index.php-13.html?option=com_content&view=article&id=212:vecchie-conoscenze&catid=41";https://beneinst.eu/opere-poesie-menu/vecchie-conoscenze.html;
213;Stella del mattino;"../index.php-12.html?option=com_content&view=article&id=213:stella-del-mattino&catid=41; index.php-12.html?option=com_content&view=article&id=213:stella-del-mattino&catid=41";https://beneinst.eu/opere-poesie-menu/stella-del-mattino.html;
214;Ricordo Valsinni;"../index.php-11.html?option=com_content&view=article&id=214:ricordo-valsinni&catid=41; index.php-11.html?option=com_content&view=article&id=214:ricordo-valsinni&catid=41";https://beneinst.eu/opere-poesie-menu/ricordo-valsinni.html;
215;Madonna;"../index.php-10.html?option=com_content&view=article&id=215:madonna&catid=41; index.php-10.html?option=com_content&view=article&id=215:madonna&catid=41";https://beneinst.eu/opere-poesie-menu/madonna.html;
216;Voli di rondinella;"../index.php-9.html?option=com_content&view=article&id=216:voli-di-rondinella&catid=41; index.php-9.html?option=com_content&view=article&id=216:voli-di-rondinella&catid=41";https://beneinst.eu/opere-poesie-menu/voli-di-rondinella.html;
217;Un viaggio nel tramonto;"../index.php-8.html?option=com_content&view=article&id=217:un-viaggio-nel-tramonto&catid=41; index.php-8.html?option=com_content&view=article&id=217:un-viaggio-nel-tramonto&catid=41";https://beneinst.eu/opere-poesie-menu/un-viaggio-nel-tramonto.html;
218;Monito;"../index.php-7.html?option=com_content&view=article&id=218:monito&catid=41; index.php-7.html?option=com_content&view=article&id=218:monito&catid=41";https://beneinst.eu/opere-poesie-menu/monito.html;
219;La casa di nonno Giuseppe;"../index.php-6.html?option=com_content&view=article&id=219:la-casa-di-nonno-giuseppe&catid=41; index.php-6.html?option=com_content&view=article&id=219:la-casa-di-nonno-giuseppe&catid=41";https://beneinst.eu/di-giuseppe-ambrosecchia.html;
220;Io ti ho cercato;"../index.php-5.html?option=com_content&view=article&id=220:io-ti-ho-cercato&catid=41; index.php-5.html?option=com_content&view=article&id=220:io-ti-ho-cercato&catid=41";https://beneinst.eu/opere-poesie-menu/io-ti-ho-cercato.html;
221;L’infermo;"../index.php-4.html?option=com_content&view=article&id=221:linfermo&catid=41; index.php-4.html?option=com_content&view=article&id=221:linfermo&catid=41";https://beneinst.eu/opere-poesie-menu/linfermo.html;
222;Intimità;"../index.php-3.html?option=com_content&view=article&id=222:intimita&catid=41; index.php-3.html?option=com_content&view=article&id=222:intimita&catid=41";https://beneinst.eu/opere-poesie-menu/intimita.html;
223;Senilità;"../index.php-2.html?option=com_content&view=article&id=223:senilita&catid=41; index.php-2.html?option=com_content&view=article&id=223:senilita&catid=41";https://beneinst.eu/opere-poesie-menu/senilita.html;
224;La festuca nel becco della gazza;"../index.php-1.html?option=com_content&view=article&id=224:la-festuca-nel-becco-della-gazza&catid=41; index.php-1.html?option=com_content&view=article&id=224:la-festuca-nel-becco-della-gazza&catid=41";https://beneinst.eu/opere-poesie-menu/la-festuca-nel-becco-della-gazza.html;
225;La mamma sorgente della sua vocazione;"../index.php-105.html?option=com_content&view=article&id=225:la-mamma-sorgente-della-sua-vocazione&catid=42; index.php-105.html?option=com_content&view=article&id=225:la-mamma-sorgente-della-sua-vocazione&catid=42";https://beneinst.eu/opere-lettere-menu/la-mamma-sorgente-della-sua-vocazione.html;
226;E io me ne andrò;"../index.php-104.html?option=com_content&view=article&id=226:e-io-me-ne-andro&catid=42; index.php-104.html?option=com_content&view=article&id=226:e-io-me-ne-andro&catid=42";https://beneinst.eu/opere-lettere-menu/e-io-me-ne-andro.html;
227;Ci sono tante nuvole nel firmamento;"../index.php-103.html?option=com_content&view=article&id=227:ci-sono-tante-nuvole-nel-firmamento&catid=42; index.php-103.html?option=com_content&view=article&id=227:ci-sono-tante-nuvole-nel-firmamento&catid=42";https://beneinst.eu/opere-lettere-menu/ci-sono-tante-nuvole-nel-firmamento.html;
228;Il fazzoletto;"../index.php-102.html?option=com_content&view=article&id=228:il-fazzoletto&catid=42; index.php-102.html?option=com_content&view=article&id=228:il-fazzoletto&catid=42";https://beneinst.eu/opere-lettere-menu/il-fazzoletto.html;
229;Come te non c’è nessuno;"../index.php-101.html?option=com_content&view=article&id=229:come-te-non-ce-nessuno&catid=42; index.php-101.html?option=com_content&view=article&id=229:come-te-non-ce-nessuno&catid=42";https://beneinst.eu/opere-lettere-menu/come-te-non-ce-nessuno.html;
230;;"../index.php-100.html?option=com_content&view=article&id=230:giudicare-una-commedia&catid=42; index.php-100.html?option=com_content&view=article&id=230:giudicare-una-commedia&catid=42";;VERIFICARE: nessuna pagina pulita esportata
231;Qualcosa di bello è successo;"../index.php-99.html?option=com_content&view=article&id=231:qualcosa-di-bello-e-successo&catid=42; index.php-99.html?option=com_content&view=article&id=231:qualcosa-di-bello-e-successo&catid=42";https://beneinst.eu/di-rocco-veltri.html;
232;Omaggio a Giorgio Gaber;index.php-89.html?option=com_content&view=article&id=232:omaggio-a-giorgio-gaber&catid=43;https://beneinst.eu/di-maria-teresa-azzoni-1.html;
233;Distrazione d'amore;index.php-88.html?option=com_content&view=article&id=233:distrazione-damore&catid=43;https://beneinst.eu/di-maria-teresa-azzoni.html;
238;La ragione dell'esistenza;index.php-98.html?option=com_content&view=article&id=238:la-ragione-dellesistenza&catid=45;https://beneinst.eu/di-massimo-vay-2.html;
239;La verità sta nel mezzo, è un detto mal compreso;index.php-97.html?option=com_content&view=article&id=239:la-verita-sta-nel-mezzo-e-un-detto-mal-compreso&catid=45;https://beneinst.eu/di-massimo-vay-1.html;
240;Il fine e i mezzi corretti;index.php-96.html?option=com_content&view=article&id=240:il-fine-e-i-mezzi-corretti&catid=45;https://beneinst.eu/di-massimo-vay.html;
241;Sentimenti;index.php-95.html?option=com_content&view=article&id=241:sentimenti&catid=46;https://beneinst.eu/di-arturo-pistocchi-2.html;
242;La solitudine di Angela;index.php-94.html?option=com_content&view=article&id=242:la-solitudine-di-angela&catid=46;https://beneinst.eu/di-arturo-pistocchi-1.html;
243;Il girovago;index.php-93.html?option=com_content&view=article&id=243:il-girovago&catid=46;https://beneinst.eu/di-arturo-pistocchi.html;
244;La Farfalla dalle ali dipinte;index.php-92.html?option=com_content&view=article&id=244:la-farfalla-dalle-ali-dipinte&catid=47;https://beneinst.eu/di-franco-farina-2.html;
245;La storia del Pianista;index.php-91.html?option=com_content&view=article&id=245:la-storia-del-pianista&catid=47;https://beneinst.eu/di-franco-farina-1.html;
246;Arte per un mondo nuovo;index.php-90.html?option=com_content&view=article&id=246:arte-per-un-mondo-nuovo&catid=47;https://beneinst.eu/di-franco-farina.html;
